/*
SQLyog Ultimate v12.5.1 (64 bit)
MySQL - 8.0.30 : Database - db-barang
*********************************************************************
*/

/*!40101 SET NAMES utf8 */;

/*!40101 SET SQL_MODE=''*/;

/*!40014 SET @OLD_UNIQUE_CHECKS=@@UNIQUE_CHECKS, UNIQUE_CHECKS=0 */;
/*!40014 SET @OLD_FOREIGN_KEY_CHECKS=@@FOREIGN_KEY_CHECKS, FOREIGN_KEY_CHECKS=0 */;
/*!40101 SET @OLD_SQL_MODE=@@SQL_MODE, SQL_MODE='NO_AUTO_VALUE_ON_ZERO' */;
/*!40111 SET @OLD_SQL_NOTES=@@SQL_NOTES, SQL_NOTES=0 */;
CREATE DATABASE /*!32312 IF NOT EXISTS*/`db-barang` /*!40100 DEFAULT CHARACTER SET utf8mb4 COLLATE utf8mb4_0900_ai_ci */ /*!80016 DEFAULT ENCRYPTION='N' */;

USE `db-barang`;

/*Table structure for table `t_barang` */

DROP TABLE IF EXISTS `t_barang`;

CREATE TABLE `t_barang` (
  `id` bigint NOT NULL AUTO_INCREMENT,
  `id_satuan` bigint DEFAULT NULL,
  `nama_barang` varchar(255) DEFAULT NULL,
  `stok_barang` double DEFAULT '0',
  `created_at` datetime DEFAULT NULL,
  `updated_at` datetime DEFAULT NULL,
  PRIMARY KEY (`id`)
) ENGINE=InnoDB AUTO_INCREMENT=9 DEFAULT CHARSET=utf8mb4 COLLATE=utf8mb4_0900_ai_ci;

/*Data for the table `t_barang` */

insert  into `t_barang`(`id`,`id_satuan`,`nama_barang`,`stok_barang`,`created_at`,`updated_at`) values 
(6,15,'Laptop',96,'2023-09-07 10:55:46','2023-09-16 13:05:13'),
(7,14,'Tinta Printer',0,'2023-09-07 10:55:55',NULL),
(8,15,'Komputer',5,'2023-09-16 12:52:41',NULL);

/*Table structure for table `t_detail_permohonan_barang` */

DROP TABLE IF EXISTS `t_detail_permohonan_barang`;

CREATE TABLE `t_detail_permohonan_barang` (
  `id` bigint NOT NULL AUTO_INCREMENT,
  `id_master` bigint DEFAULT NULL,
  `id_jns_barang` bigint DEFAULT NULL,
  `jml_barang` double DEFAULT NULL,
  `jml_barang_approve` double DEFAULT '0',
  `sts_approval` varchar(5) CHARACTER SET utf8mb4 COLLATE utf8mb4_0900_ai_ci DEFAULT '0',
  `catatan` text,
  `created_at` datetime DEFAULT NULL,
  `updated_at` datetime DEFAULT NULL,
  PRIMARY KEY (`id`)
) ENGINE=InnoDB AUTO_INCREMENT=12 DEFAULT CHARSET=utf8mb4 COLLATE=utf8mb4_0900_ai_ci;

/*Data for the table `t_detail_permohonan_barang` */

insert  into `t_detail_permohonan_barang`(`id`,`id_master`,`id_jns_barang`,`jml_barang`,`jml_barang_approve`,`sts_approval`,`catatan`,`created_at`,`updated_at`) values 
(1,12,7,100000000000000,0,'0',NULL,'2023-09-19 15:12:32',NULL),
(2,12,7,90,0,'0',NULL,'2023-09-19 15:12:32',NULL),
(4,13,6,5,5,'1','okeeh','2023-09-20 08:51:12',NULL),
(5,13,7,5,5,'2','rwtgedrgd','2023-09-20 08:51:12',NULL),
(6,14,6,5,5,'1','ok','2023-09-21 13:30:57',NULL),
(7,14,7,3,0,'2','Tolak','2023-09-21 13:30:57',NULL),
(8,14,8,8,4,'1','ok','2023-09-21 13:30:57',NULL),
(9,15,7,1,0,'2','barang kososng','2023-10-07 18:34:22',NULL),
(10,15,8,1234,20,'1','oke','2023-10-07 18:34:22',NULL),
(11,16,6,9,0,'0',NULL,'2023-10-07 18:54:37',NULL);

/*Table structure for table `t_faktur` */

DROP TABLE IF EXISTS `t_faktur`;

CREATE TABLE `t_faktur` (
  `id` bigint NOT NULL AUTO_INCREMENT,
  `no_faktur` varchar(255) DEFAULT NULL,
  `tgl_faktur` date DEFAULT NULL,
  `total_transaksi` double DEFAULT NULL,
  `dok_faktur` varchar(255) DEFAULT NULL,
  `dok_spm` varchar(255) DEFAULT NULL,
  `created_at` datetime DEFAULT NULL,
  `updated_at` datetime DEFAULT NULL,
  PRIMARY KEY (`id`)
) ENGINE=InnoDB AUTO_INCREMENT=13 DEFAULT CHARSET=utf8mb4 COLLATE=utf8mb4_0900_ai_ci;

/*Data for the table `t_faktur` */

insert  into `t_faktur`(`id`,`no_faktur`,`tgl_faktur`,`total_transaksi`,`dok_faktur`,`dok_spm`,`created_at`,`updated_at`) values 
(7,'Data-1','2023-09-01',NULL,'C:/laragon/www/app-barang/assets/upload Dokumen Input Barang/gudang/Dokumen Faktru/upload_time_2023-09-20_1695196904.pdf','C:/laragon/www/app-barang/assets/upload Dokumen Input Barang/gudang/Dokumen SPM/upload_time_2023-09-20_1695196904.pdf','2023-09-20 08:01:44',NULL),
(8,'Data - 2','2023-09-02',NULL,'C:/laragon/www/app-barang/assets/upload Dokumen Input Barang/gudang/Dokumen Faktru/upload_time_2023-09-20_1695196983.pdf','C:/laragon/www/app-barang/assets/upload Dokumen Input Barang/gudang/Dokumen SPM/upload_time_2023-09-20_1695196983.pdf','2023-09-20 08:03:03',NULL),
(9,'aaaaah','2023-09-30',NULL,'C:/laragon/www/app-barang/assets/upload Dokumen Input Barang/gudang/Dokumen Faktru/upload_time_2023-09-24_1695575765.pdf','C:/laragon/www/app-barang/assets/upload Dokumen Input Barang/gudang/Dokumen SPM/upload_time_2023-09-24_1695575765.pdf','2023-09-21 13:28:46',NULL),
(10,'sadasdadgsh','2023-09-25',NULL,'C:/laragon/www/app-barang/assets/upload Dokumen Input Barang/gudang/Dokumen Faktru/upload_time_2023-09-24_1695579849.pdf','C:/laragon/www/app-barang/assets/upload Dokumen Input Barang/gudang/Dokumen SPM/upload_time_2023-09-24_1695579849.pdf','2023-09-24 18:24:09',NULL),
(11,'coba lagi','2023-09-26',NULL,'C:/laragon/www/app-barang/assets/upload Dokumen Input Barang/gudang/Dokumen Faktru/upload_time_2023-09-24_1695579924.pdf','C:/laragon/www/app-barang/assets/upload Dokumen Input Barang/gudang/Dokumen SPM/upload_time_2023-09-24_1695579924.pdf','2023-09-24 18:25:24',NULL),
(12,'ABDXR890','2023-08-02',NULL,'C:/laragon/www/app-barang/assets/upload Dokumen Input Barang/gudang/Dokumen Faktru/upload_time_2023-09-25_1695657255.pdf','C:/laragon/www/app-barang/assets/upload Dokumen Input Barang/gudang/Dokumen SPM/upload_time_2023-09-25_1695657255.pdf','2023-09-25 15:54:15',NULL);

/*Table structure for table `t_kondisi_barang` */

DROP TABLE IF EXISTS `t_kondisi_barang`;

CREATE TABLE `t_kondisi_barang` (
  `id` bigint NOT NULL AUTO_INCREMENT,
  `kondisi_barang` varchar(255) DEFAULT NULL,
  `created_at` datetime DEFAULT NULL,
  `updated_at` datetime DEFAULT NULL,
  PRIMARY KEY (`id`)
) ENGINE=InnoDB AUTO_INCREMENT=4 DEFAULT CHARSET=utf8mb4 COLLATE=utf8mb4_0900_ai_ci;

/*Data for the table `t_kondisi_barang` */

insert  into `t_kondisi_barang`(`id`,`kondisi_barang`,`created_at`,`updated_at`) values 
(1,'Baik','2023-09-07 11:33:59',NULL),
(2,'Rusak','2023-09-07 11:34:07',NULL),
(3,'Rusak Berat','2023-09-07 11:35:31',NULL);

/*Table structure for table `t_master_permohonan_barang` */

DROP TABLE IF EXISTS `t_master_permohonan_barang`;

CREATE TABLE `t_master_permohonan_barang` (
  `id` bigint NOT NULL AUTO_INCREMENT,
  `username_pemohon` varchar(255) CHARACTER SET utf8mb4 COLLATE utf8mb4_0900_ai_ci DEFAULT NULL,
  `tgl_pengajuan` date DEFAULT NULL,
  `path_permohonanBarang` varchar(255) DEFAULT NULL,
  `path_bast` varchar(255) DEFAULT NULL,
  `status_review` varchar(5) CHARACTER SET utf8mb4 COLLATE utf8mb4_0900_ai_ci DEFAULT '0',
  `nmPemohon` varchar(255) DEFAULT NULL,
  `jbt` varchar(255) DEFAULT NULL,
  `ppk` varchar(255) DEFAULT NULL,
  `nip` varchar(255) DEFAULT NULL,
  `pihak1` varchar(255) DEFAULT NULL,
  `jabatan1` varchar(255) DEFAULT NULL,
  `nip1` varchar(255) DEFAULT NULL,
  `alamat1` text,
  `pihak2` varchar(255) DEFAULT NULL,
  `jabatan2` varchar(255) DEFAULT NULL,
  `nip2` varchar(255) DEFAULT NULL,
  `alamat2` text,
  `noSurat` varchar(255) DEFAULT NULL,
  `created_at` datetime DEFAULT NULL,
  `updated_at` datetime DEFAULT NULL,
  PRIMARY KEY (`id`)
) ENGINE=InnoDB AUTO_INCREMENT=17 DEFAULT CHARSET=utf8mb4 COLLATE=utf8mb4_0900_ai_ci;

/*Data for the table `t_master_permohonan_barang` */

insert  into `t_master_permohonan_barang`(`id`,`username_pemohon`,`tgl_pengajuan`,`path_permohonanBarang`,`path_bast`,`status_review`,`nmPemohon`,`jbt`,`ppk`,`nip`,`pihak1`,`jabatan1`,`nip1`,`alamat1`,`pihak2`,`jabatan2`,`nip2`,`alamat2`,`noSurat`,`created_at`,`updated_at`) values 
(12,'pic','2023-09-19','C:/laragon/www/app-barang/assets/upload Dokumen Permintaan Barang/pic/upload_time_2023-09-24_1695571568.pdf',NULL,'0','Al Razli Vari Umarella','Tenaga Ahli Informatika','Hidemiwan, ST., M.Sc','1234567897341',NULL,NULL,NULL,NULL,NULL,NULL,NULL,NULL,NULL,'2023-09-19 15:12:32','2023-10-07 19:26:37'),
(13,'pic','2023-09-20','C:/laragon/www/app-barang/assets/upload Dokumen Permintaan Barang/pic/upload_time_2023-09-20_1695199872.pdf','C:/laragon/www/app-barang/assets/upload Dokumen BAST/upload_time_2023-09-24_1695529776.pdf','1',NULL,NULL,NULL,NULL,NULL,NULL,NULL,NULL,NULL,NULL,NULL,NULL,NULL,'2023-09-20 08:51:12',NULL),
(14,'pic','2023-09-21','C:/laragon/www/app-barang/assets/upload Dokumen Permintaan Barang/pic/upload_time_2023-09-21_1695303057.pdf',NULL,'1',NULL,NULL,NULL,NULL,'derwghwe','wertfawerfg','345345345','afdsgfgd','asdgfasdfg','DFSADSF','345345','asdfgsdg','sdfg','2023-09-21 13:30:57',NULL),
(15,'pic','2023-10-07',NULL,NULL,'1','xzcdfvz','dsgasdg','adfsgasdfg','345345','Imam Basirin','Petugas Gudang','197211292007011002','Jalan Kenari No. 14A, Yogyakarta','Agung Sasono Kurniawan, A.Md.','Pengelola Kepegawaian','197102272009111001','Jalan Kenari No. 14A, Yogyakarta','13 /BAST/IX/2023','2023-10-07 18:34:22',NULL),
(16,'pic','2023-10-07',NULL,NULL,'0','aaaaa','sssss','dddddd','111111',NULL,NULL,NULL,NULL,NULL,NULL,NULL,NULL,NULL,'2023-10-07 18:54:37',NULL);

/*Table structure for table `t_satuan` */

DROP TABLE IF EXISTS `t_satuan`;

CREATE TABLE `t_satuan` (
  `id` bigint NOT NULL AUTO_INCREMENT,
  `nama_satuan` varchar(255) DEFAULT NULL,
  `created_at` datetime DEFAULT NULL,
  `updated_at` datetime DEFAULT NULL,
  PRIMARY KEY (`id`)
) ENGINE=InnoDB AUTO_INCREMENT=16 DEFAULT CHARSET=utf8mb4 COLLATE=utf8mb4_0900_ai_ci;

/*Data for the table `t_satuan` */

insert  into `t_satuan`(`id`,`nama_satuan`,`created_at`,`updated_at`) values 
(13,'Box','2023-09-06 02:58:44',NULL),
(14,'Dus','2023-09-06 02:59:01',NULL),
(15,'Unit','2023-09-06 03:36:56',NULL);

/*Table structure for table `t_stok_barang` */

DROP TABLE IF EXISTS `t_stok_barang`;

CREATE TABLE `t_stok_barang` (
  `id` bigint NOT NULL AUTO_INCREMENT,
  `id_kategori_barang` bigint DEFAULT NULL,
  `id_kondisi_barang` bigint DEFAULT NULL,
  `id_faktur` bigint DEFAULT NULL,
  `nama_barang` varchar(255) DEFAULT NULL,
  `harga_satuan` double DEFAULT NULL,
  `terpakai` varchar(10) DEFAULT '0',
  `tgl_terpakai` date DEFAULT NULL,
  `tgl_faktur` date DEFAULT NULL,
  `created_at` datetime DEFAULT NULL,
  `updated_at` datetime DEFAULT NULL,
  `id_detail_barang_penggguna` varchar(255) DEFAULT NULL,
  `id_pengguna` varchar(255) DEFAULT NULL,
  PRIMARY KEY (`id`)
) ENGINE=InnoDB AUTO_INCREMENT=1132 DEFAULT CHARSET=utf8mb4 COLLATE=utf8mb4_0900_ai_ci;

/*Data for the table `t_stok_barang` */

insert  into `t_stok_barang`(`id`,`id_kategori_barang`,`id_kondisi_barang`,`id_faktur`,`nama_barang`,`harga_satuan`,`terpakai`,`tgl_terpakai`,`tgl_faktur`,`created_at`,`updated_at`,`id_detail_barang_penggguna`,`id_pengguna`) values 
(251,6,1,7,'Laptop Toyiba',3000000,'1','2023-09-20',NULL,'2023-09-20 08:01:44',NULL,NULL,NULL),
(252,6,1,7,'Laptop Toyiba',3000000,'1','2023-09-20',NULL,'2023-09-20 08:01:44',NULL,NULL,NULL),
(253,6,1,7,'Laptop Toyiba',3000000,'1','2023-09-20',NULL,'2023-09-20 08:01:44',NULL,NULL,NULL),
(254,6,1,7,'Laptop Toyiba',3000000,'1','2023-09-20',NULL,'2023-09-20 08:01:44',NULL,NULL,NULL),
(255,6,1,7,'Laptop Toyiba',3000000,'1','2023-09-20',NULL,'2023-09-20 08:01:44',NULL,NULL,NULL),
(261,6,1,8,'Lenovo Deh',4000000,'1','2023-09-21',NULL,'2023-09-20 08:03:03',NULL,NULL,NULL),
(262,6,1,8,'Lenovo Deh',4000000,'1','2023-09-21',NULL,'2023-09-20 08:03:03',NULL,NULL,NULL),
(263,6,1,8,'Lenovo Deh',4000000,'1','2023-09-21',NULL,'2023-09-20 08:03:03',NULL,NULL,NULL),
(264,6,1,8,'Lenovo Deh',4000000,'1','2023-09-21',NULL,'2023-09-20 08:03:03',NULL,NULL,NULL),
(265,6,1,8,'Lenovo Deh',4000000,'1','2023-09-21',NULL,'2023-09-20 08:03:03',NULL,NULL,NULL),
(281,8,1,9,'Lenovo Deh',8000000,'1','2023-09-21',NULL,'2023-09-21 13:28:46',NULL,NULL,NULL),
(282,8,1,9,'Lenovo Deh',8000000,'1','2023-09-21',NULL,'2023-09-21 13:28:46',NULL,NULL,NULL),
(283,8,1,9,'Lenovo Deh',8000000,'1','2023-09-21',NULL,'2023-09-21 13:28:46',NULL,NULL,NULL),
(284,8,1,9,'Lenovo Deh',8000000,'1','2023-09-21',NULL,'2023-09-21 13:28:46',NULL,NULL,NULL),
(285,8,1,9,'Lenovo Deh',8000000,'0',NULL,NULL,'2023-09-21 13:28:46',NULL,NULL,NULL),
(286,6,1,0,'Laptop Toyiba',8000000,'0',NULL,NULL,'2023-09-24 18:16:29',NULL,NULL,NULL),
(287,6,1,0,'Laptop Toyiba',8000000,'0',NULL,NULL,'2023-09-24 18:16:29',NULL,NULL,NULL),
(288,6,1,0,'Laptop Toyiba',8000000,'0',NULL,NULL,'2023-09-24 18:16:29',NULL,NULL,NULL),
(289,6,1,0,'Laptop Toyiba',8000000,'0',NULL,NULL,'2023-09-24 18:16:29',NULL,NULL,NULL),
(290,6,1,0,'Laptop Toyiba',8000000,'0',NULL,NULL,'2023-09-24 18:16:29',NULL,NULL,NULL),
(291,6,1,0,'Laptop Toyiba',8000000,'0',NULL,NULL,'2023-09-24 18:16:29',NULL,NULL,NULL),
(292,6,1,0,'Laptop Toyiba',8000000,'0',NULL,NULL,'2023-09-24 18:16:29',NULL,NULL,NULL),
(293,6,1,0,'Laptop Toyiba',8000000,'0',NULL,NULL,'2023-09-24 18:16:29',NULL,NULL,NULL),
(294,6,1,0,'Laptop Toyiba',8000000,'0',NULL,NULL,'2023-09-24 18:16:29',NULL,NULL,NULL),
(295,6,1,0,'Laptop Toyiba',8000000,'0',NULL,NULL,'2023-09-24 18:16:29',NULL,NULL,NULL),
(296,6,1,0,'Laptop Toyiba',8000000,'0',NULL,NULL,'2023-09-24 18:16:29',NULL,NULL,NULL),
(297,6,1,0,'Laptop Toyiba',8000000,'0',NULL,NULL,'2023-09-24 18:16:29',NULL,NULL,NULL),
(298,6,1,0,'Laptop Toyiba',8000000,'0',NULL,NULL,'2023-09-24 18:16:29',NULL,NULL,NULL),
(299,6,1,0,'Laptop Toyiba',8000000,'0',NULL,NULL,'2023-09-24 18:16:29',NULL,NULL,NULL),
(300,6,1,0,'Laptop Toyiba',8000000,'0',NULL,NULL,'2023-09-24 18:16:29',NULL,NULL,NULL),
(301,6,1,0,'Laptop Toyiba',8000000,'0',NULL,NULL,'2023-09-24 18:16:29',NULL,NULL,NULL),
(302,6,1,0,'Laptop Toyiba',8000000,'0',NULL,NULL,'2023-09-24 18:16:29',NULL,NULL,NULL),
(303,6,1,0,'Laptop Toyiba',8000000,'0',NULL,NULL,'2023-09-24 18:16:29',NULL,NULL,NULL),
(304,6,1,0,'Laptop Toyiba',8000000,'0',NULL,NULL,'2023-09-24 18:16:29',NULL,NULL,NULL),
(305,6,1,0,'Laptop Toyiba',8000000,'0',NULL,NULL,'2023-09-24 18:16:29',NULL,NULL,NULL),
(306,6,1,0,'Laptop Toyiba',8000000,'0',NULL,NULL,'2023-09-24 18:16:29',NULL,NULL,NULL),
(307,6,1,0,'Laptop Toyiba',8000000,'0',NULL,NULL,'2023-09-24 18:16:29',NULL,NULL,NULL),
(308,6,1,0,'Laptop Toyiba',8000000,'0',NULL,NULL,'2023-09-24 18:16:29',NULL,NULL,NULL),
(309,6,1,0,'Laptop Toyiba',8000000,'0',NULL,NULL,'2023-09-24 18:16:29',NULL,NULL,NULL),
(310,6,1,0,'Laptop Toyiba',8000000,'0',NULL,NULL,'2023-09-24 18:16:29',NULL,NULL,NULL),
(311,6,1,0,'Laptop Toyiba',8000000,'0',NULL,NULL,'2023-09-24 18:16:29',NULL,NULL,NULL),
(312,6,1,0,'Laptop Toyiba',8000000,'0',NULL,NULL,'2023-09-24 18:16:29',NULL,NULL,NULL),
(313,6,1,0,'Laptop Toyiba',8000000,'0',NULL,NULL,'2023-09-24 18:16:29',NULL,NULL,NULL),
(314,6,1,0,'Laptop Toyiba',8000000,'0',NULL,NULL,'2023-09-24 18:16:29',NULL,NULL,NULL),
(315,6,1,0,'Laptop Toyiba',8000000,'0',NULL,NULL,'2023-09-24 18:16:29',NULL,NULL,NULL),
(316,6,1,0,'Laptop Toyiba',8000000,'0',NULL,NULL,'2023-09-24 18:16:29',NULL,NULL,NULL),
(317,6,1,0,'Laptop Toyiba',8000000,'0',NULL,NULL,'2023-09-24 18:16:29',NULL,NULL,NULL),
(318,6,1,0,'Laptop Toyiba',8000000,'0',NULL,NULL,'2023-09-24 18:16:29',NULL,NULL,NULL),
(319,6,1,0,'Laptop Toyiba',8000000,'0',NULL,NULL,'2023-09-24 18:16:29',NULL,NULL,NULL),
(320,6,1,0,'Laptop Toyiba',8000000,'0',NULL,NULL,'2023-09-24 18:16:29',NULL,NULL,NULL),
(321,6,1,0,'Laptop Toyiba',8000000,'0',NULL,NULL,'2023-09-24 18:16:29',NULL,NULL,NULL),
(322,6,1,0,'Laptop Toyiba',8000000,'0',NULL,NULL,'2023-09-24 18:16:29',NULL,NULL,NULL),
(323,6,1,0,'Laptop Toyiba',8000000,'0',NULL,NULL,'2023-09-24 18:16:29',NULL,NULL,NULL),
(324,6,1,0,'Laptop Toyiba',8000000,'0',NULL,NULL,'2023-09-24 18:16:29',NULL,NULL,NULL),
(325,6,1,0,'Laptop Toyiba',8000000,'0',NULL,NULL,'2023-09-24 18:16:29',NULL,NULL,NULL),
(326,6,1,0,'Laptop Toyiba',8000000,'0',NULL,NULL,'2023-09-24 18:16:29',NULL,NULL,NULL),
(327,6,1,0,'Laptop Toyiba',8000000,'0',NULL,NULL,'2023-09-24 18:16:29',NULL,NULL,NULL),
(328,6,1,0,'Laptop Toyiba',8000000,'0',NULL,NULL,'2023-09-24 18:16:29',NULL,NULL,NULL),
(329,6,1,0,'Laptop Toyiba',8000000,'0',NULL,NULL,'2023-09-24 18:16:29',NULL,NULL,NULL),
(330,6,1,0,'Laptop Toyiba',8000000,'0',NULL,NULL,'2023-09-24 18:16:29',NULL,NULL,NULL),
(331,6,1,0,'Laptop Toyiba',8000000,'0',NULL,NULL,'2023-09-24 18:16:29',NULL,NULL,NULL),
(332,6,1,0,'Laptop Toyiba',8000000,'0',NULL,NULL,'2023-09-24 18:16:29',NULL,NULL,NULL),
(333,6,1,0,'Laptop Toyiba',8000000,'0',NULL,NULL,'2023-09-24 18:16:29',NULL,NULL,NULL),
(334,6,1,0,'Laptop Toyiba',8000000,'0',NULL,NULL,'2023-09-24 18:16:29',NULL,NULL,NULL),
(335,6,1,0,'Laptop Toyiba',8000000,'0',NULL,NULL,'2023-09-24 18:16:29',NULL,NULL,NULL),
(336,6,1,0,'Laptop Toyiba',8000000,'0',NULL,NULL,'2023-09-24 18:16:29',NULL,NULL,NULL),
(337,6,1,0,'Laptop Toyiba',8000000,'0',NULL,NULL,'2023-09-24 18:16:29',NULL,NULL,NULL),
(338,6,1,0,'Laptop Toyiba',8000000,'0',NULL,NULL,'2023-09-24 18:16:29',NULL,NULL,NULL),
(339,6,1,0,'Laptop Toyiba',8000000,'0',NULL,NULL,'2023-09-24 18:16:29',NULL,NULL,NULL),
(340,6,1,0,'Laptop Toyiba',8000000,'0',NULL,NULL,'2023-09-24 18:16:29',NULL,NULL,NULL),
(441,8,1,9,'Lenovo',1000000,'0',NULL,NULL,'2023-09-24 18:20:31',NULL,NULL,NULL),
(442,8,1,9,'Lenovo',1000000,'0',NULL,NULL,'2023-09-24 18:20:31',NULL,NULL,NULL),
(443,8,1,9,'Lenovo',1000000,'0',NULL,NULL,'2023-09-24 18:20:31',NULL,NULL,NULL),
(444,8,1,9,'Lenovo',1000000,'0',NULL,NULL,'2023-09-24 18:20:31',NULL,NULL,NULL),
(445,8,1,9,'Lenovo',1000000,'0',NULL,NULL,'2023-09-24 18:20:31',NULL,NULL,NULL),
(446,8,1,9,'Lenovo',1000000,'0',NULL,NULL,'2023-09-24 18:20:31',NULL,NULL,NULL),
(447,8,1,9,'Lenovo',1000000,'0',NULL,NULL,'2023-09-24 18:20:31',NULL,NULL,NULL),
(448,8,1,9,'Lenovo',1000000,'0',NULL,NULL,'2023-09-24 18:20:31',NULL,NULL,NULL),
(449,8,1,9,'Lenovo',1000000,'0',NULL,NULL,'2023-09-24 18:20:31',NULL,NULL,NULL),
(450,8,1,9,'Lenovo',1000000,'0',NULL,NULL,'2023-09-24 18:20:31',NULL,NULL,NULL),
(451,8,1,9,'Lenovo',1000000,'0',NULL,NULL,'2023-09-24 18:20:31',NULL,NULL,NULL),
(452,8,1,9,'Lenovo',1000000,'0',NULL,NULL,'2023-09-24 18:20:31',NULL,NULL,NULL),
(453,8,1,9,'Lenovo',1000000,'0',NULL,NULL,'2023-09-24 18:20:31',NULL,NULL,NULL),
(454,8,1,9,'Lenovo',1000000,'0',NULL,NULL,'2023-09-24 18:20:31',NULL,NULL,NULL),
(455,8,1,9,'Lenovo',1000000,'0',NULL,NULL,'2023-09-24 18:20:31',NULL,NULL,NULL),
(456,8,1,9,'Lenovo',1000000,'0',NULL,NULL,'2023-09-24 18:20:31',NULL,NULL,NULL),
(457,8,1,9,'Lenovo',1000000,'0',NULL,NULL,'2023-09-24 18:20:31',NULL,NULL,NULL),
(458,8,1,9,'Lenovo',1000000,'0',NULL,NULL,'2023-09-24 18:20:31',NULL,NULL,NULL),
(459,8,1,9,'Lenovo',1000000,'0',NULL,NULL,'2023-09-24 18:20:31',NULL,NULL,NULL),
(460,8,1,9,'Lenovo',1000000,'0',NULL,NULL,'2023-09-24 18:20:31',NULL,NULL,NULL),
(461,8,1,9,'Lenovo',1000000,'0',NULL,NULL,'2023-09-24 18:20:31',NULL,NULL,NULL),
(462,8,1,9,'Lenovo',1000000,'0',NULL,NULL,'2023-09-24 18:20:31',NULL,NULL,NULL),
(463,8,1,9,'Lenovo',1000000,'0',NULL,NULL,'2023-09-24 18:20:31',NULL,NULL,NULL),
(464,8,1,9,'Lenovo',1000000,'0',NULL,NULL,'2023-09-24 18:20:31',NULL,NULL,NULL),
(465,8,1,9,'Lenovo',1000000,'0',NULL,NULL,'2023-09-24 18:20:31',NULL,NULL,NULL),
(466,8,1,9,'Lenovo',1000000,'0',NULL,NULL,'2023-09-24 18:20:31',NULL,NULL,NULL),
(467,8,1,9,'Lenovo',1000000,'0',NULL,NULL,'2023-09-24 18:20:31',NULL,NULL,NULL),
(468,8,1,9,'Lenovo',1000000,'0',NULL,NULL,'2023-09-24 18:20:31',NULL,NULL,NULL),
(469,8,1,9,'Lenovo',1000000,'0',NULL,NULL,'2023-09-24 18:20:31',NULL,NULL,NULL),
(470,8,1,9,'Lenovo',1000000,'0',NULL,NULL,'2023-09-24 18:20:31',NULL,NULL,NULL),
(471,8,1,9,'Lenovo',1000000,'0',NULL,NULL,'2023-09-24 18:20:31',NULL,NULL,NULL),
(472,8,1,9,'Lenovo',1000000,'0',NULL,NULL,'2023-09-24 18:20:31',NULL,NULL,NULL),
(473,8,1,9,'Lenovo',1000000,'0',NULL,NULL,'2023-09-24 18:20:31',NULL,NULL,NULL),
(474,8,1,9,'Lenovo',1000000,'0',NULL,NULL,'2023-09-24 18:20:31',NULL,NULL,NULL),
(475,8,1,9,'Lenovo',1000000,'0',NULL,NULL,'2023-09-24 18:20:31',NULL,NULL,NULL),
(476,8,1,9,'Lenovo',1000000,'0',NULL,NULL,'2023-09-24 18:20:31',NULL,NULL,NULL),
(477,8,1,9,'Lenovo',1000000,'0',NULL,NULL,'2023-09-24 18:20:31',NULL,NULL,NULL),
(478,8,1,9,'Lenovo',1000000,'0',NULL,NULL,'2023-09-24 18:20:31',NULL,NULL,NULL),
(479,8,1,9,'Lenovo',1000000,'0',NULL,NULL,'2023-09-24 18:20:31',NULL,NULL,NULL),
(480,8,1,9,'Lenovo',1000000,'0',NULL,NULL,'2023-09-24 18:20:31',NULL,NULL,NULL),
(481,8,1,9,'Lenovo',1000000,'0',NULL,NULL,'2023-09-24 18:20:31',NULL,NULL,NULL),
(482,8,1,9,'Lenovo',1000000,'0',NULL,NULL,'2023-09-24 18:20:31',NULL,NULL,NULL),
(483,8,1,9,'Lenovo',1000000,'0',NULL,NULL,'2023-09-24 18:20:31',NULL,NULL,NULL),
(484,8,1,9,'Lenovo',1000000,'0',NULL,NULL,'2023-09-24 18:20:31',NULL,NULL,NULL),
(485,8,1,9,'Lenovo',1000000,'0',NULL,NULL,'2023-09-24 18:20:31',NULL,NULL,NULL),
(486,8,1,9,'Lenovo',1000000,'0',NULL,NULL,'2023-09-24 18:20:31',NULL,NULL,NULL),
(487,8,1,9,'Lenovo',1000000,'0',NULL,NULL,'2023-09-24 18:20:31',NULL,NULL,NULL),
(488,8,1,9,'Lenovo',1000000,'0',NULL,NULL,'2023-09-24 18:20:31',NULL,NULL,NULL),
(489,8,1,9,'Lenovo',1000000,'0',NULL,NULL,'2023-09-24 18:20:31',NULL,NULL,NULL),
(490,8,1,9,'Lenovo',1000000,'0',NULL,NULL,'2023-09-24 18:20:31',NULL,NULL,NULL),
(491,6,1,7,'Laser JET A102',300000,'0',NULL,NULL,'2023-09-24 18:21:22',NULL,NULL,NULL),
(492,6,1,7,'Laser JET A102',300000,'0',NULL,NULL,'2023-09-24 18:21:22',NULL,NULL,NULL),
(493,6,1,7,'Laser JET A102',300000,'0',NULL,NULL,'2023-09-24 18:21:22',NULL,NULL,NULL),
(494,6,1,7,'Laser JET A102',300000,'0',NULL,NULL,'2023-09-24 18:21:22',NULL,NULL,NULL),
(495,6,1,7,'Laser JET A102',300000,'0',NULL,NULL,'2023-09-24 18:21:22',NULL,NULL,NULL),
(496,6,1,7,'Laser JET A102',300000,'0',NULL,NULL,'2023-09-24 18:21:22',NULL,NULL,NULL),
(497,6,1,7,'Laser JET A102',300000,'0',NULL,NULL,'2023-09-24 18:21:22',NULL,NULL,NULL),
(498,6,1,7,'Laser JET A102',300000,'0',NULL,NULL,'2023-09-24 18:21:22',NULL,NULL,NULL),
(499,6,1,7,'Laser JET A102',300000,'0',NULL,NULL,'2023-09-24 18:21:22',NULL,NULL,NULL),
(500,6,1,7,'Laser JET A102',300000,'0',NULL,NULL,'2023-09-24 18:21:22',NULL,NULL,NULL),
(501,6,1,8,'Tinta Oke deh',250000,'0',NULL,NULL,'2023-09-24 18:22:34',NULL,NULL,NULL),
(502,6,1,8,'Tinta Oke deh',250000,'0',NULL,NULL,'2023-09-24 18:22:34',NULL,NULL,NULL),
(503,6,1,8,'Tinta Oke deh',250000,'0',NULL,NULL,'2023-09-24 18:22:34',NULL,NULL,NULL),
(504,6,1,8,'Tinta Oke deh',250000,'0',NULL,NULL,'2023-09-24 18:22:34',NULL,NULL,NULL),
(505,6,1,8,'Tinta Oke deh',250000,'0',NULL,NULL,'2023-09-24 18:22:34',NULL,NULL,NULL),
(706,8,1,10,'Laptop Toyiba',8000000,'0',NULL,'2023-09-25',NULL,'2023-09-24 18:24:35',NULL,NULL),
(707,8,1,10,'Laptop Toyiba',8000000,'1','2023-10-08','2023-09-25',NULL,'2023-09-24 18:24:35','10',NULL),
(708,8,1,10,'Laptop Toyiba',8000000,'1','2023-10-08','2023-09-25',NULL,'2023-09-24 18:24:35','10',NULL),
(709,8,1,10,'Laptop Toyiba',8000000,'1','2023-10-08','2023-09-25',NULL,'2023-09-24 18:24:35','10',NULL),
(710,8,1,10,'Laptop Toyiba',8000000,'1','2023-10-08','2023-09-25',NULL,'2023-09-24 18:24:35','10',NULL),
(711,8,1,10,'Laptop Toyiba',8000000,'1','2023-10-08','2023-09-25',NULL,'2023-09-24 18:24:35','10',NULL),
(712,8,1,10,'Laptop Toyiba',8000000,'1','2023-10-08','2023-09-25',NULL,'2023-09-24 18:24:35','10',NULL),
(713,8,1,10,'Laptop Toyiba',8000000,'1','2023-10-08','2023-09-25',NULL,'2023-09-24 18:24:35','10',NULL),
(714,8,1,10,'Laptop Toyiba',8000000,'1','2023-10-08','2023-09-25',NULL,'2023-09-24 18:24:35','10',NULL),
(715,8,1,10,'Laptop Toyiba',8000000,'1','2023-10-08','2023-09-25',NULL,'2023-09-24 18:24:35','10',NULL),
(716,8,1,10,'Laptop Toyiba',8000000,'1','2023-10-08','2023-09-25',NULL,'2023-09-24 18:24:35','10',NULL),
(717,8,1,10,'Laptop Toyiba',8000000,'1','2023-10-08','2023-09-25',NULL,'2023-09-24 18:24:35','10',NULL),
(718,8,1,10,'Laptop Toyiba',8000000,'1','2023-10-08','2023-09-25',NULL,'2023-09-24 18:24:35','10',NULL),
(719,8,1,10,'Laptop Toyiba',8000000,'1','2023-10-08','2023-09-25',NULL,'2023-09-24 18:24:35','10',NULL),
(720,8,1,10,'Laptop Toyiba',8000000,'1','2023-10-08','2023-09-25',NULL,'2023-09-24 18:24:35','10',NULL),
(721,8,1,10,'Laptop Toyiba',8000000,'1','2023-10-08','2023-09-25',NULL,'2023-09-24 18:24:35','10',NULL),
(722,8,1,10,'Laptop Toyiba',8000000,'1','2023-10-08','2023-09-25',NULL,'2023-09-24 18:24:35','10',NULL),
(723,8,1,10,'Laptop Toyiba',8000000,'1','2023-10-08','2023-09-25',NULL,'2023-09-24 18:24:35','10',NULL),
(724,8,1,10,'Laptop Toyiba',8000000,'1','2023-10-08','2023-09-25',NULL,'2023-09-24 18:24:35','10',NULL),
(725,8,1,10,'Laptop Toyiba',8000000,'1','2023-10-08','2023-09-25',NULL,'2023-09-24 18:24:35','10',NULL),
(726,8,1,10,'Laptop Toyiba',8000000,'1','2023-10-08','2023-09-25',NULL,'2023-09-24 18:24:35','10','15'),
(727,8,1,10,'Laptop Toyiba',8000000,'1','2023-10-08','2023-09-25',NULL,'2023-09-24 18:24:35','10','15'),
(728,8,1,10,'Laptop Toyiba',8000000,'1','2023-10-08','2023-09-25',NULL,'2023-09-24 18:24:35','10','15'),
(729,8,1,10,'Laptop Toyiba',8000000,'1','2023-10-08','2023-09-25',NULL,'2023-09-24 18:24:35','10','15'),
(730,8,1,10,'Laptop Toyiba',8000000,'1','2023-10-08','2023-09-25',NULL,'2023-09-24 18:24:35','10','15'),
(731,8,1,10,'Laptop Toyiba',8000000,'1','2023-10-08','2023-09-25',NULL,'2023-09-24 18:24:35','10','15'),
(732,8,1,10,'Laptop Toyiba',8000000,'1','2023-10-08','2023-09-25',NULL,'2023-09-24 18:24:35','10','15'),
(733,8,1,10,'Laptop Toyiba',8000000,'1','2023-10-08','2023-09-25',NULL,'2023-09-24 18:24:35','10','15'),
(734,8,1,10,'Laptop Toyiba',8000000,'1','2023-10-08','2023-09-25',NULL,'2023-09-24 18:24:35','10','15'),
(735,8,1,10,'Laptop Toyiba',8000000,'1','2023-10-08','2023-09-25',NULL,'2023-09-24 18:24:35','10','15'),
(736,8,1,10,'Laptop Toyiba',8000000,'1','2023-10-08','2023-09-25',NULL,'2023-09-24 18:24:35','10','15'),
(737,8,1,10,'Laptop Toyiba',8000000,'1','2023-10-08','2023-09-25',NULL,'2023-09-24 18:24:35','10','15'),
(738,8,1,10,'Laptop Toyiba',8000000,'1','2023-10-08','2023-09-25',NULL,'2023-09-24 18:24:35','10','15'),
(739,8,1,10,'Laptop Toyiba',8000000,'1','2023-10-08','2023-09-25',NULL,'2023-09-24 18:24:35','10','15'),
(740,8,1,10,'Laptop Toyiba',8000000,'1','2023-10-08','2023-09-25',NULL,'2023-09-24 18:24:35','10','15'),
(741,8,1,10,'Laptop Toyiba',8000000,'1','2023-10-08','2023-09-25',NULL,'2023-09-24 18:24:35','10','15'),
(742,8,1,10,'Laptop Toyiba',8000000,'1','2023-10-08','2023-09-25',NULL,'2023-09-24 18:24:35','10','15'),
(743,8,1,10,'Laptop Toyiba',8000000,'1','2023-10-08','2023-09-25',NULL,'2023-09-24 18:24:35','10','15'),
(744,8,1,10,'Laptop Toyiba',8000000,'1','2023-10-08','2023-09-25',NULL,'2023-09-24 18:24:35','10','15'),
(745,8,1,10,'Laptop Toyiba',8000000,'0',NULL,'2023-09-25',NULL,'2023-09-24 18:24:35',NULL,NULL),
(746,8,1,10,'Laptop Toyiba',8000000,'0',NULL,'2023-09-25',NULL,'2023-09-24 18:24:35',NULL,NULL),
(747,8,1,10,'Laptop Toyiba',8000000,'0',NULL,'2023-09-25',NULL,'2023-09-24 18:24:35',NULL,NULL),
(748,8,1,10,'Laptop Toyiba',8000000,'0',NULL,'2023-09-25',NULL,'2023-09-24 18:24:35',NULL,NULL),
(749,8,1,10,'Laptop Toyiba',8000000,'0',NULL,'2023-09-25',NULL,'2023-09-24 18:24:35',NULL,NULL),
(750,8,1,10,'Laptop Toyiba',8000000,'0',NULL,'2023-09-25',NULL,'2023-09-24 18:24:35',NULL,NULL),
(751,8,1,10,'Laptop Toyiba',8000000,'0',NULL,'2023-09-25',NULL,'2023-09-24 18:24:35',NULL,NULL),
(752,8,1,10,'Laptop Toyiba',8000000,'0',NULL,'2023-09-25',NULL,'2023-09-24 18:24:35',NULL,NULL),
(753,8,1,10,'Laptop Toyiba',8000000,'0',NULL,'2023-09-25',NULL,'2023-09-24 18:24:35',NULL,NULL),
(754,8,1,10,'Laptop Toyiba',8000000,'0',NULL,'2023-09-25',NULL,'2023-09-24 18:24:35',NULL,NULL),
(755,8,1,10,'Laptop Toyiba',8000000,'0',NULL,'2023-09-25',NULL,'2023-09-24 18:24:35',NULL,NULL),
(756,8,1,10,'Laptop Toyiba',8000000,'0',NULL,'2023-09-25',NULL,'2023-09-24 18:24:35',NULL,NULL),
(757,8,1,10,'Laptop Toyiba',8000000,'0',NULL,'2023-09-25',NULL,'2023-09-24 18:24:35',NULL,NULL),
(758,8,1,10,'Laptop Toyiba',8000000,'0',NULL,'2023-09-25',NULL,'2023-09-24 18:24:35',NULL,NULL),
(759,8,1,10,'Laptop Toyiba',8000000,'0',NULL,'2023-09-25',NULL,'2023-09-24 18:24:35',NULL,NULL),
(760,8,1,10,'Laptop Toyiba',8000000,'0',NULL,'2023-09-25',NULL,'2023-09-24 18:24:35',NULL,NULL),
(761,8,1,10,'Laptop Toyiba',8000000,'0',NULL,'2023-09-25',NULL,'2023-09-24 18:24:35',NULL,NULL),
(762,8,1,10,'Laptop Toyiba',8000000,'0',NULL,'2023-09-25',NULL,'2023-09-24 18:24:35',NULL,NULL),
(763,8,1,10,'Laptop Toyiba',8000000,'0',NULL,'2023-09-25',NULL,'2023-09-24 18:24:35',NULL,NULL),
(764,8,1,10,'Laptop Toyiba',8000000,'0',NULL,'2023-09-25',NULL,'2023-09-24 18:24:35',NULL,NULL),
(765,8,1,10,'Laptop Toyiba',8000000,'0',NULL,'2023-09-25',NULL,'2023-09-24 18:24:35',NULL,NULL),
(766,8,1,10,'Laptop Toyiba',8000000,'0',NULL,'2023-09-25',NULL,'2023-09-24 18:24:35',NULL,NULL),
(767,8,1,10,'Laptop Toyiba',8000000,'0',NULL,'2023-09-25',NULL,'2023-09-24 18:24:35',NULL,NULL),
(768,8,1,10,'Laptop Toyiba',8000000,'0',NULL,'2023-09-25',NULL,'2023-09-24 18:24:35',NULL,NULL),
(769,8,1,10,'Laptop Toyiba',8000000,'0',NULL,'2023-09-25',NULL,'2023-09-24 18:24:35',NULL,NULL),
(770,8,1,10,'Laptop Toyiba',8000000,'0',NULL,'2023-09-25',NULL,'2023-09-24 18:24:35',NULL,NULL),
(771,8,1,10,'Laptop Toyiba',8000000,'0',NULL,'2023-09-25',NULL,'2023-09-24 18:24:35',NULL,NULL),
(772,8,1,10,'Laptop Toyiba',8000000,'0',NULL,'2023-09-25',NULL,'2023-09-24 18:24:35',NULL,NULL),
(773,8,1,10,'Laptop Toyiba',8000000,'0',NULL,'2023-09-25',NULL,'2023-09-24 18:24:35',NULL,NULL),
(774,8,1,10,'Laptop Toyiba',8000000,'0',NULL,'2023-09-25',NULL,'2023-09-24 18:24:35',NULL,NULL),
(775,8,1,10,'Laptop Toyiba',8000000,'0',NULL,'2023-09-25',NULL,'2023-09-24 18:24:35',NULL,NULL),
(776,8,1,10,'Laptop Toyiba',8000000,'0',NULL,'2023-09-25',NULL,'2023-09-24 18:24:35',NULL,NULL),
(777,8,1,10,'Laptop Toyiba',8000000,'0',NULL,'2023-09-25',NULL,'2023-09-24 18:24:35',NULL,NULL),
(778,8,1,10,'Laptop Toyiba',8000000,'0',NULL,'2023-09-25',NULL,'2023-09-24 18:24:35',NULL,NULL),
(779,8,1,10,'Laptop Toyiba',8000000,'0',NULL,'2023-09-25',NULL,'2023-09-24 18:24:35',NULL,NULL),
(780,8,1,10,'Laptop Toyiba',8000000,'0',NULL,'2023-09-25',NULL,'2023-09-24 18:24:35',NULL,NULL),
(781,8,1,10,'Laptop Toyiba',8000000,'0',NULL,'2023-09-25',NULL,'2023-09-24 18:24:35',NULL,NULL),
(782,8,1,10,'Laptop Toyiba',8000000,'0',NULL,'2023-09-25',NULL,'2023-09-24 18:24:35',NULL,NULL),
(783,8,1,10,'Laptop Toyiba',8000000,'0',NULL,'2023-09-25',NULL,'2023-09-24 18:24:35',NULL,NULL),
(784,8,1,10,'Laptop Toyiba',8000000,'0',NULL,'2023-09-25',NULL,'2023-09-24 18:24:35',NULL,NULL),
(785,8,1,10,'Laptop Toyiba',8000000,'0',NULL,'2023-09-25',NULL,'2023-09-24 18:24:35',NULL,NULL),
(786,8,1,10,'Laptop Toyiba',8000000,'0',NULL,'2023-09-25',NULL,'2023-09-24 18:24:35',NULL,NULL),
(787,8,1,10,'Laptop Toyiba',8000000,'0',NULL,'2023-09-25',NULL,'2023-09-24 18:24:35',NULL,NULL),
(788,8,1,10,'Laptop Toyiba',8000000,'0',NULL,'2023-09-25',NULL,'2023-09-24 18:24:35',NULL,NULL),
(789,8,1,10,'Laptop Toyiba',8000000,'0',NULL,'2023-09-25',NULL,'2023-09-24 18:24:35',NULL,NULL),
(790,8,1,10,'Laptop Toyiba',8000000,'0',NULL,'2023-09-25',NULL,'2023-09-24 18:24:35',NULL,NULL),
(791,8,1,10,'Laptop Toyiba',8000000,'0',NULL,'2023-09-25',NULL,'2023-09-24 18:24:35',NULL,NULL),
(792,8,1,10,'Laptop Toyiba',8000000,'0',NULL,'2023-09-25',NULL,'2023-09-24 18:24:35',NULL,NULL),
(793,8,1,10,'Laptop Toyiba',8000000,'0',NULL,'2023-09-25',NULL,'2023-09-24 18:24:35',NULL,NULL),
(794,8,1,10,'Laptop Toyiba',8000000,'0',NULL,'2023-09-25',NULL,'2023-09-24 18:24:35',NULL,NULL),
(795,8,1,10,'Laptop Toyiba',8000000,'0',NULL,'2023-09-25',NULL,'2023-09-24 18:24:35',NULL,NULL),
(796,8,1,10,'Laptop Toyiba',8000000,'0',NULL,'2023-09-25',NULL,'2023-09-24 18:24:35',NULL,NULL),
(797,8,1,10,'Laptop Toyiba',8000000,'0',NULL,'2023-09-25',NULL,'2023-09-24 18:24:35',NULL,NULL),
(798,8,1,10,'Laptop Toyiba',8000000,'0',NULL,'2023-09-25',NULL,'2023-09-24 18:24:35',NULL,NULL),
(799,8,1,10,'Laptop Toyiba',8000000,'0',NULL,'2023-09-25',NULL,'2023-09-24 18:24:35',NULL,NULL),
(800,8,1,10,'Laptop Toyiba',8000000,'0',NULL,'2023-09-25',NULL,'2023-09-24 18:24:35',NULL,NULL),
(801,8,1,10,'Laptop Toyiba',8000000,'0',NULL,'2023-09-25',NULL,'2023-09-24 18:24:35',NULL,NULL),
(802,8,1,10,'Laptop Toyiba',8000000,'0',NULL,'2023-09-25',NULL,'2023-09-24 18:24:35',NULL,NULL),
(803,8,1,10,'Laptop Toyiba',8000000,'0',NULL,'2023-09-25',NULL,'2023-09-24 18:24:35',NULL,NULL),
(804,8,1,10,'Laptop Toyiba',8000000,'1','2023-10-08','2023-09-25',NULL,'2023-09-24 18:24:35','10','15'),
(805,8,1,10,'Laptop Toyiba',8000000,'1','2023-10-08','2023-09-25',NULL,'2023-09-24 18:24:35','10',NULL),
(806,6,1,11,'Tinta Oke deh',650000,'0',NULL,'2023-09-26','2023-09-24 18:25:24',NULL,NULL,NULL),
(807,6,1,11,'Tinta Oke deh',650000,'0',NULL,'2023-09-26','2023-09-24 18:25:24',NULL,NULL,NULL),
(808,6,1,11,'Tinta Oke deh',650000,'0',NULL,'2023-09-26','2023-09-24 18:25:24',NULL,NULL,NULL),
(809,6,1,11,'Tinta Oke deh',650000,'0',NULL,'2023-09-26','2023-09-24 18:25:24',NULL,NULL,NULL),
(810,6,1,11,'Tinta Oke deh',650000,'0',NULL,'2023-09-26','2023-09-24 18:25:24',NULL,NULL,NULL),
(811,6,1,11,'Tinta Oke deh',650000,'0',NULL,'2023-09-26','2023-09-24 18:25:24',NULL,NULL,NULL),
(812,6,1,11,'Tinta Oke deh',650000,'0',NULL,'2023-09-26','2023-09-24 18:25:24',NULL,NULL,NULL),
(813,6,1,11,'Tinta Oke deh',650000,'0',NULL,'2023-09-26','2023-09-24 18:25:24',NULL,NULL,NULL),
(814,6,1,11,'Tinta Oke deh',650000,'0',NULL,'2023-09-26','2023-09-24 18:25:24',NULL,NULL,NULL),
(815,6,1,11,'Tinta Oke deh',650000,'0',NULL,'2023-09-26','2023-09-24 18:25:24',NULL,NULL,NULL),
(816,6,1,11,'Tinta Oke deh',650000,'0',NULL,'2023-09-26','2023-09-24 18:25:24',NULL,NULL,NULL),
(817,6,1,11,'Tinta Oke deh',650000,'0',NULL,'2023-09-26','2023-09-24 18:25:24',NULL,NULL,NULL),
(818,6,1,11,'Tinta Oke deh',650000,'0',NULL,'2023-09-26','2023-09-24 18:25:24',NULL,NULL,NULL),
(819,6,1,11,'Tinta Oke deh',650000,'0',NULL,'2023-09-26','2023-09-24 18:25:24',NULL,NULL,NULL),
(820,6,1,11,'Tinta Oke deh',650000,'0',NULL,'2023-09-26','2023-09-24 18:25:24',NULL,NULL,NULL),
(821,6,1,11,'Tinta Oke deh',650000,'0',NULL,'2023-09-26','2023-09-24 18:25:24',NULL,NULL,NULL),
(822,6,1,11,'Tinta Oke deh',650000,'0',NULL,'2023-09-26','2023-09-24 18:25:24',NULL,NULL,NULL),
(823,6,1,11,'Tinta Oke deh',650000,'0',NULL,'2023-09-26','2023-09-24 18:25:24',NULL,NULL,NULL),
(824,6,1,11,'Tinta Oke deh',650000,'0',NULL,'2023-09-26','2023-09-24 18:25:24',NULL,NULL,NULL),
(825,6,1,11,'Tinta Oke deh',650000,'0',NULL,'2023-09-26','2023-09-24 18:25:24',NULL,NULL,NULL),
(826,6,1,11,'Tinta Oke deh',650000,'0',NULL,'2023-09-26','2023-09-24 18:25:24',NULL,NULL,NULL),
(827,6,1,11,'Tinta Oke deh',650000,'0',NULL,'2023-09-26','2023-09-24 18:25:24',NULL,NULL,NULL),
(828,6,1,11,'Tinta Oke deh',650000,'0',NULL,'2023-09-26','2023-09-24 18:25:24',NULL,NULL,NULL),
(829,6,1,11,'Tinta Oke deh',650000,'0',NULL,'2023-09-26','2023-09-24 18:25:24',NULL,NULL,NULL),
(830,6,1,11,'Tinta Oke deh',650000,'0',NULL,'2023-09-26','2023-09-24 18:25:24',NULL,NULL,NULL),
(831,6,1,11,'Tinta Oke deh',650000,'0',NULL,'2023-09-26','2023-09-24 18:25:24',NULL,NULL,NULL),
(832,6,1,11,'Tinta Oke deh',650000,'0',NULL,'2023-09-26','2023-09-24 18:25:24',NULL,NULL,NULL),
(833,6,1,11,'Tinta Oke deh',650000,'0',NULL,'2023-09-26','2023-09-24 18:25:24',NULL,NULL,NULL),
(834,6,1,11,'Tinta Oke deh',650000,'0',NULL,'2023-09-26','2023-09-24 18:25:24',NULL,NULL,NULL),
(835,6,1,11,'Tinta Oke deh',650000,'0',NULL,'2023-09-26','2023-09-24 18:25:24',NULL,NULL,NULL),
(836,6,1,11,'Tinta Oke deh',650000,'0',NULL,'2023-09-26','2023-09-24 18:25:24',NULL,NULL,NULL),
(837,6,1,11,'Tinta Oke deh',650000,'0',NULL,'2023-09-26','2023-09-24 18:25:24',NULL,NULL,NULL),
(838,6,1,11,'Tinta Oke deh',650000,'0',NULL,'2023-09-26','2023-09-24 18:25:24',NULL,NULL,NULL),
(839,6,1,11,'Tinta Oke deh',650000,'0',NULL,'2023-09-26','2023-09-24 18:25:24',NULL,NULL,NULL),
(840,6,1,11,'Tinta Oke deh',650000,'0',NULL,'2023-09-26','2023-09-24 18:25:24',NULL,NULL,NULL),
(841,6,1,11,'Tinta Oke deh',650000,'0',NULL,'2023-09-26','2023-09-24 18:25:24',NULL,NULL,NULL),
(842,6,1,11,'Tinta Oke deh',650000,'0',NULL,'2023-09-26','2023-09-24 18:25:24',NULL,NULL,NULL),
(843,6,1,11,'Tinta Oke deh',650000,'0',NULL,'2023-09-26','2023-09-24 18:25:24',NULL,NULL,NULL),
(844,6,1,11,'Tinta Oke deh',650000,'0',NULL,'2023-09-26','2023-09-24 18:25:24',NULL,NULL,NULL),
(845,6,1,11,'Tinta Oke deh',650000,'0',NULL,'2023-09-26','2023-09-24 18:25:24',NULL,NULL,NULL),
(846,6,1,11,'Tinta Oke deh',650000,'0',NULL,'2023-09-26','2023-09-24 18:25:24',NULL,NULL,NULL),
(847,6,1,11,'Tinta Oke deh',650000,'0',NULL,'2023-09-26','2023-09-24 18:25:24',NULL,NULL,NULL),
(848,6,1,11,'Tinta Oke deh',650000,'0',NULL,'2023-09-26','2023-09-24 18:25:24',NULL,NULL,NULL),
(849,6,1,11,'Tinta Oke deh',650000,'0',NULL,'2023-09-26','2023-09-24 18:25:24',NULL,NULL,NULL),
(850,6,1,11,'Tinta Oke deh',650000,'0',NULL,'2023-09-26','2023-09-24 18:25:24',NULL,NULL,NULL),
(851,6,1,11,'Tinta Oke deh',650000,'0',NULL,'2023-09-26','2023-09-24 18:25:24',NULL,NULL,NULL),
(852,6,1,11,'Tinta Oke deh',650000,'0',NULL,'2023-09-26','2023-09-24 18:25:24',NULL,NULL,NULL),
(853,6,1,11,'Tinta Oke deh',650000,'0',NULL,'2023-09-26','2023-09-24 18:25:24',NULL,NULL,NULL),
(854,6,1,11,'Tinta Oke deh',650000,'0',NULL,'2023-09-26','2023-09-24 18:25:24',NULL,NULL,NULL),
(855,6,1,11,'Tinta Oke deh',650000,'0',NULL,'2023-09-26','2023-09-24 18:25:24',NULL,NULL,NULL),
(856,6,1,11,'Tinta Oke deh',650000,'0',NULL,'2023-09-26','2023-09-24 18:25:24',NULL,NULL,NULL),
(857,6,1,11,'Tinta Oke deh',650000,'0',NULL,'2023-09-26','2023-09-24 18:25:24',NULL,NULL,NULL),
(858,6,1,11,'Tinta Oke deh',650000,'0',NULL,'2023-09-26','2023-09-24 18:25:24',NULL,NULL,NULL),
(859,6,1,11,'Tinta Oke deh',650000,'0',NULL,'2023-09-26','2023-09-24 18:25:24',NULL,NULL,NULL),
(860,6,1,11,'Tinta Oke deh',650000,'0',NULL,'2023-09-26','2023-09-24 18:25:24',NULL,NULL,NULL),
(861,6,1,11,'Tinta Oke deh',650000,'0',NULL,'2023-09-26','2023-09-24 18:25:24',NULL,NULL,NULL),
(862,6,1,11,'Tinta Oke deh',650000,'0',NULL,'2023-09-26','2023-09-24 18:25:24',NULL,NULL,NULL),
(863,6,1,11,'Tinta Oke deh',650000,'0',NULL,'2023-09-26','2023-09-24 18:25:24',NULL,NULL,NULL),
(864,6,1,11,'Tinta Oke deh',650000,'0',NULL,'2023-09-26','2023-09-24 18:25:24',NULL,NULL,NULL),
(865,6,1,11,'Tinta Oke deh',650000,'0',NULL,'2023-09-26','2023-09-24 18:25:24',NULL,NULL,NULL),
(866,6,1,11,'Tinta Oke deh',650000,'0',NULL,'2023-09-26','2023-09-24 18:25:24',NULL,NULL,NULL),
(867,6,1,11,'Tinta Oke deh',650000,'0',NULL,'2023-09-26','2023-09-24 18:25:24',NULL,NULL,NULL),
(868,6,1,11,'Tinta Oke deh',650000,'0',NULL,'2023-09-26','2023-09-24 18:25:24',NULL,NULL,NULL),
(869,6,1,11,'Tinta Oke deh',650000,'0',NULL,'2023-09-26','2023-09-24 18:25:24',NULL,NULL,NULL),
(870,6,1,11,'Tinta Oke deh',650000,'0',NULL,'2023-09-26','2023-09-24 18:25:24',NULL,NULL,NULL),
(871,6,1,11,'Tinta Oke deh',650000,'0',NULL,'2023-09-26','2023-09-24 18:25:24',NULL,NULL,NULL),
(872,6,1,11,'Tinta Oke deh',650000,'0',NULL,'2023-09-26','2023-09-24 18:25:24',NULL,NULL,NULL),
(873,6,1,11,'Tinta Oke deh',650000,'0',NULL,'2023-09-26','2023-09-24 18:25:24',NULL,NULL,NULL),
(874,6,1,11,'Tinta Oke deh',650000,'0',NULL,'2023-09-26','2023-09-24 18:25:24',NULL,NULL,NULL),
(875,6,1,11,'Tinta Oke deh',650000,'0',NULL,'2023-09-26','2023-09-24 18:25:24',NULL,NULL,NULL),
(876,6,1,11,'Tinta Oke deh',650000,'0',NULL,'2023-09-26','2023-09-24 18:25:24',NULL,NULL,NULL),
(877,6,1,11,'Tinta Oke deh',650000,'0',NULL,'2023-09-26','2023-09-24 18:25:24',NULL,NULL,NULL),
(878,6,1,11,'Tinta Oke deh',650000,'0',NULL,'2023-09-26','2023-09-24 18:25:24',NULL,NULL,NULL),
(879,6,1,11,'Tinta Oke deh',650000,'0',NULL,'2023-09-26','2023-09-24 18:25:24',NULL,NULL,NULL),
(880,6,1,11,'Tinta Oke deh',650000,'0',NULL,'2023-09-26','2023-09-24 18:25:24',NULL,NULL,NULL),
(881,6,1,11,'Tinta Oke deh',650000,'0',NULL,'2023-09-26','2023-09-24 18:25:24',NULL,NULL,NULL),
(882,6,1,11,'Tinta Oke deh',650000,'0',NULL,'2023-09-26','2023-09-24 18:25:24',NULL,NULL,NULL),
(883,6,1,11,'Tinta Oke deh',650000,'0',NULL,'2023-09-26','2023-09-24 18:25:24',NULL,NULL,NULL),
(884,6,1,11,'Tinta Oke deh',650000,'0',NULL,'2023-09-26','2023-09-24 18:25:24',NULL,NULL,NULL),
(885,6,1,11,'Tinta Oke deh',650000,'0',NULL,'2023-09-26','2023-09-24 18:25:24',NULL,NULL,NULL),
(886,6,1,11,'Tinta Oke deh',650000,'0',NULL,'2023-09-26','2023-09-24 18:25:24',NULL,NULL,NULL),
(887,6,1,11,'Tinta Oke deh',650000,'0',NULL,'2023-09-26','2023-09-24 18:25:24',NULL,NULL,NULL),
(888,6,1,11,'Tinta Oke deh',650000,'0',NULL,'2023-09-26','2023-09-24 18:25:24',NULL,NULL,NULL),
(889,6,1,11,'Tinta Oke deh',650000,'0',NULL,'2023-09-26','2023-09-24 18:25:24',NULL,NULL,NULL),
(890,6,1,11,'Tinta Oke deh',650000,'0',NULL,'2023-09-26','2023-09-24 18:25:24',NULL,NULL,NULL),
(891,6,1,11,'Tinta Oke deh',650000,'0',NULL,'2023-09-26','2023-09-24 18:25:24',NULL,NULL,NULL),
(892,6,1,11,'Tinta Oke deh',650000,'0',NULL,'2023-09-26','2023-09-24 18:25:24',NULL,NULL,NULL),
(893,6,1,11,'Tinta Oke deh',650000,'0',NULL,'2023-09-26','2023-09-24 18:25:24',NULL,NULL,NULL),
(894,6,1,11,'Tinta Oke deh',650000,'0',NULL,'2023-09-26','2023-09-24 18:25:24',NULL,NULL,NULL),
(895,6,1,11,'Tinta Oke deh',650000,'0',NULL,'2023-09-26','2023-09-24 18:25:24',NULL,NULL,NULL),
(896,6,1,11,'Tinta Oke deh',650000,'0',NULL,'2023-09-26','2023-09-24 18:25:24',NULL,NULL,NULL),
(897,6,1,11,'Tinta Oke deh',650000,'0',NULL,'2023-09-26','2023-09-24 18:25:24',NULL,NULL,NULL),
(898,6,1,11,'Tinta Oke deh',650000,'0',NULL,'2023-09-26','2023-09-24 18:25:24',NULL,NULL,NULL),
(899,6,1,11,'Tinta Oke deh',650000,'0',NULL,'2023-09-26','2023-09-24 18:25:24',NULL,NULL,NULL),
(900,6,1,11,'Tinta Oke deh',650000,'0',NULL,'2023-09-26','2023-09-24 18:25:24',NULL,NULL,NULL),
(901,6,1,11,'Tinta Oke deh',650000,'0',NULL,'2023-09-26','2023-09-24 18:25:24',NULL,NULL,NULL),
(902,6,1,11,'Tinta Oke deh',650000,'0',NULL,'2023-09-26','2023-09-24 18:25:24',NULL,NULL,NULL),
(903,6,1,11,'Tinta Oke deh',650000,'0',NULL,'2023-09-26','2023-09-24 18:25:24',NULL,NULL,NULL),
(904,6,1,11,'Tinta Oke deh',650000,'0',NULL,'2023-09-26','2023-09-24 18:25:24',NULL,NULL,NULL),
(905,6,1,11,'Tinta Oke deh',650000,'0',NULL,'2023-09-26','2023-09-24 18:25:24',NULL,NULL,NULL),
(1118,6,1,11,'123451251245dwfg',4234512345,'0',NULL,'2023-09-26',NULL,'2023-09-24 18:25:55',NULL,NULL),
(1119,6,1,11,'123451251245dwfg',4234512345,'0',NULL,'2023-09-26',NULL,'2023-09-24 18:25:55',NULL,NULL),
(1120,6,1,11,'123451251245dwfg',4234512345,'0',NULL,'2023-09-26',NULL,'2023-09-24 18:25:55',NULL,NULL),
(1121,6,1,11,'123451251245dwfg',4234512345,'0',NULL,'2023-09-26',NULL,'2023-09-24 18:25:55',NULL,NULL),
(1122,6,1,11,'123451251245dwfg',4234512345,'0',NULL,'2023-09-26',NULL,'2023-09-24 18:25:55',NULL,NULL),
(1123,6,1,11,'123451251245dwfg',4234512345,'0',NULL,'2023-09-26',NULL,'2023-09-24 18:25:55',NULL,NULL),
(1124,6,1,11,'123451251245dwfg',4234512345,'0',NULL,'2023-09-26',NULL,'2023-09-24 18:25:55',NULL,NULL),
(1125,6,1,11,'123451251245dwfg',4234512345,'0',NULL,'2023-09-26',NULL,'2023-09-24 18:25:55',NULL,NULL),
(1126,6,1,11,'123451251245dwfg',4234512345,'0',NULL,'2023-09-26',NULL,'2023-09-24 18:25:55',NULL,NULL),
(1127,6,1,11,'123451251245dwfg',4234512345,'0',NULL,'2023-09-26',NULL,'2023-09-24 18:25:55',NULL,NULL),
(1128,6,1,11,'123451251245dwfg',4234512345,'0',NULL,'2023-09-26',NULL,'2023-09-24 18:25:55',NULL,NULL),
(1129,6,1,11,'123451251245dwfg',4234512345,'0',NULL,'2023-09-26',NULL,'2023-09-24 18:25:55',NULL,NULL),
(1130,6,1,12,'Laptop Toyiba',4000000,'0',NULL,'2023-08-02','2023-09-25 15:54:15',NULL,NULL,NULL),
(1131,6,1,12,'Laptop Toyiba',4000000,'0',NULL,'2023-08-02','2023-09-25 15:54:15',NULL,NULL,NULL);

/*Table structure for table `t_sts_approval` */

DROP TABLE IF EXISTS `t_sts_approval`;

CREATE TABLE `t_sts_approval` (
  `id` bigint NOT NULL AUTO_INCREMENT,
  `nama_status` varchar(255) DEFAULT NULL,
  `created_at` datetime DEFAULT NULL,
  `updated_at` datetime DEFAULT NULL,
  PRIMARY KEY (`id`)
) ENGINE=InnoDB AUTO_INCREMENT=4 DEFAULT CHARSET=utf8mb4 COLLATE=utf8mb4_0900_ai_ci;

/*Data for the table `t_sts_approval` */

insert  into `t_sts_approval`(`id`,`nama_status`,`created_at`,`updated_at`) values 
(1,'Panding','2023-09-09 18:16:56',NULL),
(2,'Approve','2023-09-09 18:16:59',NULL),
(3,'Reject','2023-09-09 18:17:07',NULL);

/*Table structure for table `t_user` */

DROP TABLE IF EXISTS `t_user`;

CREATE TABLE `t_user` (
  `id` bigint NOT NULL AUTO_INCREMENT,
  `id_roll` bigint DEFAULT NULL,
  `nama` varchar(255) DEFAULT NULL,
  `email` varchar(255) DEFAULT NULL,
  `username` varchar(255) DEFAULT NULL,
  `password` varchar(255) DEFAULT NULL,
  `created_at` datetime DEFAULT NULL,
  `updated_at` datetime DEFAULT NULL,
  PRIMARY KEY (`id`)
) ENGINE=InnoDB AUTO_INCREMENT=6 DEFAULT CHARSET=utf8mb4 COLLATE=utf8mb4_0900_ai_ci;

/*Data for the table `t_user` */

insert  into `t_user`(`id`,`id_roll`,`nama`,`email`,`username`,`password`,`created_at`,`updated_at`) values 
(1,1,'Admin','admin@mail.com','admin','admin4123','2023-09-05 10:59:30',NULL),
(2,3,'subag','subag@mail.com','subag','subag','2023-09-11 05:39:55',NULL),
(3,4,'Petugas Gudang','gudang@mail.com','gudang','gudang','2023-09-12 14:19:01',NULL),
(4,5,'PIC Subbag TU','pic@gmail.com','pic','pic','2023-09-12 14:22:23',NULL);

/*Table structure for table `t_user_roll` */

DROP TABLE IF EXISTS `t_user_roll`;

CREATE TABLE `t_user_roll` (
  `id` bigint NOT NULL AUTO_INCREMENT,
  `nama_rool` varchar(255) DEFAULT NULL,
  `created_at` datetime DEFAULT NULL,
  `updated_at` datetime DEFAULT NULL,
  PRIMARY KEY (`id`)
) ENGINE=InnoDB AUTO_INCREMENT=6 DEFAULT CHARSET=utf8mb4 COLLATE=utf8mb4_0900_ai_ci;

/*Data for the table `t_user_roll` */

insert  into `t_user_roll`(`id`,`nama_rool`,`created_at`,`updated_at`) values 
(1,'Admin','2023-09-05 10:58:03',NULL),
(3,'Subag TU','2023-09-11 05:34:00',NULL),
(4,'Petugas Gudang','2023-09-12 15:27:33',NULL),
(5,'PIC Subagg TU','2023-09-09 17:46:22',NULL);

/*!40101 SET SQL_MODE=@OLD_SQL_MODE */;
/*!40014 SET FOREIGN_KEY_CHECKS=@OLD_FOREIGN_KEY_CHECKS */;
/*!40014 SET UNIQUE_CHECKS=@OLD_UNIQUE_CHECKS */;
/*!40111 SET SQL_NOTES=@OLD_SQL_NOTES */;
